log,label
PacketResponder 0 for block blk_-4003429123057279759 terminating,network_error
Receiving block blk_3380979111295043814 src: /10.251.29.239:46285 dest: /10.251.29.239:50010,api_request
PacketResponder 2 for block blk_-5620918626619516154 terminating,network_error
Received block blk_313462939647146257 of size 67108864 from /10.251.31.85,api_request
Received block blk_-5356068163082614379 of size 67108864 from /10.251.42.84,api_request
Receiving block blk_3380979111295043814 src: /10.251.89.155:47783 dest: /10.251.89.155:50010,api_request
PacketResponder 2 for block blk_4534426333428888985 terminating,network_error
Receiving block blk_-1445970677921829671 src: /10.251.71.146:48414 dest: /10.251.71.146:50010,api_request
Receiving block blk_-1423679051830694670 src: /10.251.126.227:54605 dest: /10.251.126.227:50010,api_request
Receiving block blk_2775713868141410685 src: /10.251.39.192:39945 dest: /10.251.39.192:50010,api_request
Receiving block blk_-598955920782630733 src: /10.250.19.16:38337 dest: /10.250.19.16:50010,api_request
Receiving block blk_-5039164935117450945 src: /10.251.198.196:49371 dest: /10.251.198.196:50010,api_request
Received block blk_-5620918626619516154 of size 67108864 from /10.251.27.63,api_request
PacketResponder 1 for block blk_-7084167786157129167 terminating,network_error
Received block blk_-7084167786157129167 of size 67108864 from /10.251.203.149,api_request
Receiving block blk_3380979111295043814 src: /10.251.29.239:46674 dest: /10.251.29.239:50010,api_request
PacketResponder 0 for block blk_750848192117179744 terminating,network_error
Received block blk_4534426333428888985 of size 67108864 from /10.251.199.19,api_request
PacketResponder 0 for block blk_8081855625225189487 terminating,network_error
Received block blk_-4003429123057279759 of size 67108864 from /10.250.18.114,api_request
PacketResponder 2 for block blk_-933512214233668771 terminating,network_error
10.251.39.179:50010:Transmitted block blk_-963887220294303910 to /10.251.70.37:50010,api_request
PacketResponder 1 for block blk_8693960090226565974 terminating,network_error
PacketResponder 1 for block blk_-7738534585403284719 terminating,network_error
Receiving block blk_-836233151529212612 src: /10.251.74.79:54105 dest: /10.251.74.79:50010,api_request
PacketResponder 2 for block blk_-8856211891486528880 terminating,network_error
PacketResponder 0 for block blk_1631179288873364876 terminating,network_error
Received block blk_8081855625225189487 of size 67108864 from /10.251.67.113,api_request
Received block blk_750848192117179744 of size 67108864 from /10.251.123.99,api_request
Receiving block blk_-7646259861420382780 src: /10.251.193.175:54709 dest: /10.251.193.175:50010,api_request
Received block blk_-933512214233668771 of size 67108864 from /10.251.199.150,api_request
Received block blk_8693960090226565974 of size 67108864 from /10.251.74.192,api_request
Verification succeeded for blk_100112749641533287,authentication_success
Received block blk_-7738534585403284719 of size 67108864 from /10.251.214.18,api_request
Received block blk_-8856211891486528880 of size 67108864 from /10.250.15.240,api_request
BLOCK* NameSystem.addStoredBlock: blockMap updated: 10.250.5.161:50010 is added to blk_4018923393939546231 size 67108864,filesystem_error
BLOCK* NameSystem.addStoredBlock: blockMap updated: 10.251.43.192:50010 is added to blk_4625274985432880454 size 67108864,api_request
Received block blk_1631179288873364876 of size 67108864 from /10.250.15.198,api_request
PacketResponder 0 for block blk_1726271502412816449 terminating,network_error
BLOCK* NameSystem.allocateBlock: /user/root/rand/_temporary/_task_200811092030_0001_m_000568_0/part-00568. blk_2270075135917960167,filesystem_error
PacketResponder 2 for block blk_1631179288873364876 terminating,network_error
BLOCK* NameSystem.allocateBlock: /user/root/rand/_temporary/_task_200811092030_0001_m_000042_0/part-00042. blk_-2733306378095838778,filesystem_error
Receiving block blk_7946959404637598194 src: /10.251.110.160:49097 dest: /10.251.110.160:50010,api_request
PacketResponder 0 for block blk_-2929623786234498912 terminating,network_error
Receiving block blk_3556492567840444123 src: /10.251.74.192:57475 dest: /10.251.74.192:50010,api_request
Received block blk_1726271502412816449 of size 67108864 from /10.251.71.97,api_request
BLOCK* NameSystem.addStoredBlock: blockMap updated: 10.251.39.242:50010 is added to blk_4018923393939546231 size 67108864,filesystem_error
Received block blk_1631179288873364876 of size 67108864 from /10.251.67.113,api_request
Receiving block blk_-2789622180344500080 src: /10.251.109.236:53036 dest: /10.251.109.236:50010,api_request
PacketResponder 0 for block blk_-8208966329614548928 terminating,network_error
PacketResponder 1 for block blk_-8296880933210608104 terminating,network_error
Received block blk_-2929623786234498912 of size 67108864 from /10.251.123.1,api_request
PacketResponder 1 for block blk_3789259493257927466 terminating,filesystem_error
Received block blk_-8208966329614548928 of size 67108864 from /10.251.31.180,api_request
BLOCK* NameSystem.allocateBlock: /user/root/rand/_temporary/_task_200811092030_0001_m_000680_0/part-00680. blk_-2392810547384236644,filesystem_error
PacketResponder 2 for block blk_750848192117179744 terminating,network_error
Received block blk_3789259493257927466 of size 67108864 from /10.251.197.226,api_request
BLOCK* NameSystem.addStoredBlock: blockMap updated: 10.251.215.16:50010 is added to blk_-3890498788709431098 size 67108864,filesystem_error
Receiving block blk_2270075135917960167 src: /10.251.43.192:55175 dest: /10.251.43.192:50010,api_request
Received block blk_750848192117179744 of size 67108864 from /10.251.74.134,api_request
BLOCK* NameSystem.addStoredBlock: blockMap updated: 10.251.215.192:50010 is added to blk_-4878768203334368239 size 67108864,api_request
PacketResponder 0 for block blk_-2401344551726058630 terminating,network_error
BLOCK* NameSystem.addStoredBlock: blockMap updated: 10.251.66.102:50010 is added to blk_6523914693513653213 size 67108864,filesystem_error
PacketResponder 2 for block blk_1726271502412816449 terminating,network_error
Received block blk_-8296880933210608104 of size 67108864 from /10.251.29.239,api_request
Received block blk_-2401344551726058630 of size 67108864 from /10.251.91.159,api_request
Received block blk_1726271502412816449 of size 67108864 from /10.251.122.79,api_request
BLOCK* NameSystem.addStoredBlock: blockMap updated: 10.251.197.226:50010 is added to blk_4625274985432880454 size 67108864,filesystem_error
Receiving block blk_7433144110105489611 src: /10.251.91.15:38549 dest: /10.251.91.15:50010,api_request
Receiving block blk_-1423679051830694670 src: /10.251.127.243:33056 dest: /10.251.127.243:50010,api_request
BLOCK* NameSystem.allocateBlock: /user/root/rand/_temporary/_task_200811092030_0001_m_000757_0/part-00757. blk_7433144110105489611,filesystem_error
PacketResponder 0 for block blk_4534426333428888985 terminating,network_error
Receiving block blk_-1423679051830694670 src: /10.251.127.243:42681 dest: /10.251.127.243:50010,api_request
PacketResponder 2 for block blk_-2929623786234498912 terminating,network_error
Receiving block blk_-5874656005545583085 src: /10.251.122.38:49024 dest: /10.251.122.38:50010,api_request
Received block blk_4534426333428888985 of size 67108864 from /10.251.203.149,api_request
Receiving block blk_3998373347099073880 src: /10.251.215.50:49071 dest: /10.251.215.50:50010,api_request
PacketResponder 2 for block blk_-4003429123057279759 terminating,filesystem_error
BLOCK* NameSystem.allocateBlock: /user/root/rand/_temporary/_task_200811092030_0001_m_000602_0/part-00602. blk_-343012738927737560,filesystem_error
BLOCK* NameSystem.addStoredBlock: blockMap updated: 10.251.111.130:50010 is added to blk_4625274985432880454 size 67108864,filesystem_error
Received block blk_-2929623786234498912 of size 67108864 from /10.251.110.160,api_request
Receiving block blk_3849222345809742029 src: /10.251.126.255:42109 dest: /10.251.126.255:50010,api_request
Receiving block blk_7379833155074044619 src: /10.251.42.207:57107 dest: /10.251.42.207:50010,api_request
BLOCK* NameSystem.addStoredBlock: blockMap updated: 10.251.73.220:50010 is added to blk_4605973202398610041 size 67108864,api_request
Receiving block blk_-2789622180344500080 src: /10.250.15.240:48329 dest: /10.250.15.240:50010,api_request
PacketResponder 1 for block blk_6523914693513653213 terminating,network_error
Received block blk_-4003429123057279759 of size 67108864 from /10.250.11.194,api_request
Receiving block blk_7703578533341739184 src: /10.251.125.237:57097 dest: /10.251.125.237:50010,api_request
PacketResponder 0 for block blk_313462939647146257 terminating,network_error
Received block blk_6523914693513653213 of size 67108864 from /10.251.71.240,api_request
BLOCK* NameSystem.addStoredBlock: blockMap updated: 10.250.19.16:50010 is added to blk_4605973202398610041 size 67108864,filesystem_error
Receiving block blk_-7725125028658915023 src: /10.251.31.242:39008 dest: /10.251.31.242:50010,api_request
BLOCK* NameSystem.allocateBlock: /user/root/rand/_temporary/_task_200811092030_0001_m_000752_0/part-00752. blk_-800020156232699336,filesystem_error
Receiving block blk_-7453391683012592538 src: /10.251.215.16:60635 dest: /10.251.215.16:50010,api_request
PacketResponder 1 for block blk_-2929623786234498912 terminating,network_error
Received block blk_313462939647146257 of size 67108864 from /10.251.214.18,api_request
PacketResponder 2 for block blk_-8592783146128373201 terminating,network_error
BLOCK* NameSystem.allocateBlock: /user/root/rand/_temporary/_task_200811092030_0001_m_000753_0/part-00753. blk_97166147087111921,filesystem_error
Received block blk_-2929623786234498912 of size 67108864 from /10.251.110.160,api_request
Receiving block blk_-2496142279117518004 src: /10.251.31.85:45323 dest: /10.251.31.85:50010,api_request
Receiving block blk_-5326721847686164116 src: /10.251.122.79:49076 dest: /10.251.122.79:50010,api_request
Receiving block blk_-3027885019087022953 src: /10.251.106.37:54913 dest: /10.251.106.37:50010,api_request
Received block blk_-8592783146128373201 of size 67108864 from /10.251.73.188,api_request
Receiving block blk_8771642778823756157 src: /10.250.10.213:54790 dest: /10.250.10.213:50010,api_request
PacketResponder 0 for block blk_-3229867691344414430 terminating,network_error
BLOCK* NameSystem.addStoredBlock: blockMap updated: 10.251.43.21:50010 is added to blk_-3229867691344414430 size 67108864,filesystem_error
PacketResponder 2 for block blk_4625274985432880454 terminating,filesystem_error
Receiving block blk_3849222345809742029 src: /10.251.199.150:57007 dest: /10.251.199.150:50010,api_request
PacketResponder 2 for block blk_-8208966329614548928 terminating,network_error
Receiving block blk_4822695719005003037 src: /10.251.214.225:40085 dest: /10.251.214.225:50010,api_request
Received block blk_-3229867691344414430 of size 67108864 from /10.251.42.207,api_request
PacketResponder 2 for block blk_8693960090226565974 terminating,network_error
Received block blk_-8208966329614548928 of size 67108864 from /10.251.199.225,api_request
Receiving block blk_7946959404637598194 src: /10.251.122.79:60561 dest: /10.251.122.79:50010,api_request
PacketResponder 2 for block blk_-617174463573695171 terminating,network_error
Received block blk_4625274985432880454 of size 67108864 from /10.251.43.192,api_request
Receiving block blk_-3027885019087022953 src: /10.251.106.37:55340 dest: /10.251.106.37:50010,api_request
Received block blk_-617174463573695171 of size 67108864 from /10.251.203.246,api_request
Received block blk_8693960090226565974 of size 67108864 from /10.251.74.192,api_request
PacketResponder 0 for block blk_6523914693513653213 terminating,network_error
Receiving block blk_-2789622180344500080 src: /10.250.15.240:45309 dest: /10.250.15.240:50010,api_request
Receiving block blk_-2392810547384236644 src: /10.251.110.196:46165 dest: /10.251.110.196:50010,api_request
Receiving block blk_-343012738927737560 src: /10.251.67.113:32858 dest: /10.251.67.113:50010,api_request
Received block blk_6523914693513653213 of size 67108864 from /10.250.10.176,api_request
Receiving block blk_-800020156232699336 src: /10.251.39.192:55748 dest: /10.251.39.192:50010,api_request
PacketResponder 0 for block blk_-617174463573695171 terminating,network_error
Receiving block blk_-5326721847686164116 src: /10.251.122.79:46580 dest: /10.251.122.79:50010,api_request
writeBlock blk_97166147087111921 received exception java.io.IOException: Could not read from stream,filesystem_error
Received block blk_-617174463573695171 of size 67108864 from /10.251.31.160,api_request
Receiving block blk_-2733306378095838778 src: /10.251.215.16:60103 dest: /10.251.215.16:50010,api_request
Receiving block blk_7703578533341739184 src: /10.251.199.19:47677 dest: /10.251.199.19:50010,api_request
Receiving block blk_2270075135917960167 src: /10.251.43.192:45268 dest: /10.251.43.192:50010,api_request
Receiving block blk_7433144110105489611 src: /10.251.91.15:57043 dest: /10.251.91.15:50010,api_request
PacketResponder 2 for block blk_6523914693513653213 terminating,network_error
PacketResponder 1 for block blk_-2061112640193963879 terminating,network_error
Receiving block blk_-4466400088552187062 src: /10.251.110.160:60019 dest: /10.251.110.160:50010,api_request
Received block blk_-2061112640193963879 of size 67108864 from /10.251.106.37,api_request
PacketResponder 0 for block blk_-3890498788709431098 terminating,network_error
PacketResponder 1 for block blk_4605973202398610041 terminating,network_error
Received block blk_6523914693513653213 of size 67108864 from /10.251.71.240,api_request
Received block blk_-3890498788709431098 of size 67108864 from /10.251.70.5,api_request
Receiving block blk_7946959404637598194 src: /10.251.110.160:60024 dest: /10.251.110.160:50010,api_request
Received block blk_4605973202398610041 of size 67108864 from /10.251.106.37,api_request
Receiving block blk_-8403863219461152282 src: /10.251.123.1:43729 dest: /10.251.123.1:50010,api_request
Receiving block blk_97166147087111921 src: /10.251.39.192:59966 dest: /10.251.39.192:50010,api_request
Receiving block blk_3556492567840444123 src: /10.251.123.1:57669 dest: /10.251.123.1:50010,api_request
PacketResponder 2 for block blk_7399232881442109666 terminating,network_error
PacketResponder 2 for block blk_-8719013163248570074 terminating,network_error
Receiving block blk_-6212811321158770182 src: /10.251.66.102:34342 dest: /10.251.66.102:50010,api_request
PacketResponder 0 for block blk_8693960090226565974 terminating,network_error
PacketResponder 1 for block blk_4534426333428888985 terminating,network_error
PacketResponder 0 for block blk_4018923393939546231 terminating,network_error
Verification succeeded for blk_1447001274902055614,authentication_success
Received block blk_4534426333428888985 of size 67108864 from /10.251.199.19,api_request
Received block blk_8693960090226565974 of size 67108864 from /10.251.42.16,api_request
BLOCK* NameSystem.addStoredBlock: blockMap updated: 10.251.106.214:50010 is added to blk_-7738534585403284719 size 67108864,filesystem_error
Received block blk_7399232881442109666 of size 67108864 from /10.251.30.134,api_request
PacketResponder 1 for block blk_4625274985432880454 terminating,network_error
Receiving block blk_-3027885019087022953 src: /10.250.6.223:45486 dest: /10.250.6.223:50010,api_request
Receiving block blk_3849222345809742029 src: /10.251.199.150:53557 dest: /10.251.199.150:50010,api_request
Received block blk_-8719013163248570074 of size 67108864 from /10.251.38.53,api_request
BLOCK* NameSystem.addStoredBlock: blockMap updated: 10.251.121.224:50010 is added to blk_-1999301527305082358 size 67108864,filesystem_error
Received block blk_4018923393939546231 of size 67108864 from /10.250.5.161,api_request
PacketResponder 1 for block blk_-5620918626619516154 terminating,network_error
Receiving block blk_3998373347099073880 src: /10.251.27.63:57638 dest: /10.251.27.63:50010,api_request
BLOCK* NameSystem.addStoredBlock: blockMap updated: 10.251.122.65:50010 is added to blk_8325907881894424389 size 67108864,filesystem_error
Receiving block blk_3998373347099073880 src: /10.251.27.63:57831 dest: /10.251.27.63:50010,api_request
BLOCK* NameSystem.addStoredBlock: blockMap updated: 10.251.199.150:50010 is added to blk_6097741244282888778 size 67108864,api_request
PacketResponder 2 for block blk_8782208400278719319 terminating,network_error
Received block blk_4625274985432880454 of size 67108864 from /10.251.43.192,api_request
Received block blk_-5620918626619516154 of size 67108864 from /10.251.27.63,api_request
Received block blk_8782208400278719319 of size 67108864 from /10.250.6.191,api_request
BLOCK* NameSystem.addStoredBlock: blockMap updated: 10.251.26.177:50010 is added to blk_7816238467952623170 size 67108864,api_request
Receiving block blk_-7453391683012592538 src: /10.251.67.113:56019 dest: /10.251.67.113:50010,api_request
Received block blk_4018923393939546231 of size 67108864 from /10.251.110.196,api_request
PacketResponder 1 for block blk_4018923393939546231 terminating,filesystem_error
Receiving block blk_8652779608730262978 src: /10.251.39.209:55300 dest: /10.251.39.209:50010,api_request
Receiving block blk_4822695719005003037 src: /10.251.214.225:41144 dest: /10.251.214.225:50010,api_request
Receiving block blk_8771642778823756157 src: /10.251.42.84:37140 dest: /10.251.42.84:50010,api_request
PacketResponder 1 for block blk_8782208400278719319 terminating,network_error
Receiving block blk_8771642778823756157 src: /10.251.42.84:52008 dest: /10.251.42.84:50010,api_request
Received block blk_8782208400278719319 of size 67108864 from /10.250.6.191,api_request
BLOCK* NameSystem.addStoredBlock: blockMap updated: 10.251.30.101:50010 is added to blk_-3446570477471269292 size 67108864,api_request
PacketResponder 0 for block blk_4605973202398610041 terminating,network_error
BLOCK* NameSystem.allocateBlock: /user/root/rand/_temporary/_task_200811092030_0001_m_000410_0/part-00410. blk_-9219948612998964684,filesystem_error
PacketResponder 1 for block blk_-3229867691344414430 terminating,network_error
Receiving block blk_-343012738927737560 src: /10.251.43.21:51890 dest: /10.251.43.21:50010,api_request
Receiving block blk_3623513225228342200 src: /10.251.30.6:59895 dest: /10.251.30.6:50010,api_request
Receiving block blk_-2392810547384236644 src: /10.251.126.22:51645 dest: /10.251.126.22:50010,api_request
BLOCK* NameSystem.allocateBlock: /user/root/rand/_temporary/_task_200811092030_0001_m_000617_0/part-00617. blk_9026395315887190620,filesystem_error
Receiving block blk_-4358861442329520889 src: /10.250.18.114:50110 dest: /10.250.18.114:50010,api_request
PacketResponder 2 for block blk_4041624061581285161 terminating,network_error
Received block blk_4605973202398610041 of size 67108864 from /10.251.73.220,api_request
Receiving block blk_7379833155074044619 src: /10.251.38.197:44293 dest: /10.251.38.197:50010,api_request
Receiving block blk_7433144110105489611 src: /10.251.66.3:38707 dest: /10.251.66.3:50010,api_request
Received block blk_-3229867691344414430 of size 67108864 from /10.251.43.21,api_request
BLOCK* NameSystem.addStoredBlock: blockMap updated: 10.250.5.237:50010 is added to blk_7816238467952623170 size 67108864,filesystem_error
Receiving block blk_3556492567840444123 src: /10.251.74.192:47714 dest: /10.251.74.192:50010,api_request
Receiving block blk_398451617297365078 src: /10.251.71.240:55381 dest: /10.251.71.240:50010,api_request
Receiving block blk_-8403863219461152282 src: /10.251.123.1:35223 dest: /10.251.123.1:50010,api_request
PacketResponder 1 for block blk_-617174463573695171 terminating,network_error
Received block blk_4041624061581285161 of size 67108864 from /10.251.107.196,api_request
Receiving block blk_-4358861442329520889 src: /10.251.38.53:36082 dest: /10.251.38.53:50010,api_request
Receiving block blk_-5874656005545583085 src: /10.251.199.225:34487 dest: /10.251.199.225:50010,api_request
Receiving block blk_3623513225228342200 src: /10.251.30.6:45133 dest: /10.251.30.6:50010,api_request
Receiving block blk_-2392810547384236644 src: /10.251.110.196:51049 dest: /10.251.110.196:50010,api_request
Receiving block blk_-9089961271629225005 src: /10.251.39.209:35837 dest: /10.251.39.209:50010,api_request
Received block blk_-617174463573695171 of size 67108864 from /10.251.203.246,api_request
Received block blk_4018923393939546231 of size 67108864 from /10.251.110.196,api_request
Receiving block blk_398451617297365078 src: /10.250.15.240:54776 dest: /10.250.15.240:50010,api_request
PacketResponder 2 for block blk_4018923393939546231 terminating,network_error
Receiving block blk_-6212811321158770182 src: /10.251.73.188:42115 dest: /10.251.73.188:50010,api_request
PacketResponder 1 for block blk_7399232881442109666 terminating,network_error
Receiving block blk_-1705106607238317189 src: /10.250.11.194:52365 dest: /10.250.11.194:50010,api_request
Receiving block blk_-1705106607238317189 src: /10.250.11.194:40637 dest: /10.250.11.194:50010,api_request
Receiving block blk_-1445970677921829671 src: /10.251.43.21:36749 dest: /10.251.43.21:50010,api_request
Received block blk_7399232881442109666 of size 67108864 from /10.251.30.134,api_request
Receiving block blk_398451617297365078 src: /10.251.71.240:36956 dest: /10.251.71.240:50010,api_request
PacketResponder 1 for block blk_-3890498788709431098 terminating,network_error
Receiving block blk_-7453391683012592538 src: /10.251.67.113:36168 dest: /10.251.67.113:50010,api_request
Receiving block blk_-5874656005545583085 src: /10.251.199.225:59717 dest: /10.251.199.225:50010,api_request
Receiving block blk_8948624301149724995 src: /10.251.203.246:39481 dest: /10.251.203.246:50010,api_request
Verification succeeded for blk_7427307448707327249,authentication_success
Received block blk_-3890498788709431098 of size 67108864 from /10.251.215.16,api_request
Receiving block blk_-1705106607238317189 src: /10.251.202.181:59236 dest: /10.251.202.181:50010,api_request
Receiving block blk_-5039164935117450945 src: /10.251.67.4:57836 dest: /10.251.67.4:50010,api_request
Deleting block blk_-963887220294303910 file /mnt/hadoop/dfs/data/current/subdir55/blk_-963887220294303910,filesystem_error
Receiving block blk_8948624301149724995 src: /10.251.203.246:35842 dest: /10.251.203.246:50010,api_request
Receiving block blk_-4466400088552187062 src: /10.251.110.160:42184 dest: /10.251.110.160:50010,api_request
BLOCK* NameSystem.addStoredBlock: blockMap updated: 10.250.18.114:50010 is added to blk_-4003429123057279759 size 67108864,filesystem_error
Receiving block blk_-9089961271629225005 src: /10.251.123.99:50454 dest: /10.251.123.99:50010,api_request
BLOCK* NameSystem.addStoredBlock: blockMap updated: 10.251.111.228:50010 is added to blk_-2929623786234498912 size 67108864,api_request
PacketResponder 0 for block blk_-5075281238358203500 terminating,network_error
Receiving block blk_-800020156232699336 src: /10.251.67.225:42820 dest: /10.251.67.225:50010,api_request
Receiving block blk_-5039164935117450945 src: /10.251.67.4:33764 dest: /10.251.67.4:50010,api_request
Receiving block blk_-343012738927737560 src: /10.251.43.21:59459 dest: /10.251.43.21:50010,api_request
Receiving block blk_2270075135917960167 src: /10.251.30.85:42762 dest: /10.251.30.85:50010,api_request
Receiving block blk_-7646259861420382780 src: /10.251.197.226:33677 dest: /10.251.197.226:50010,api_request
PacketResponder 0 for block blk_-7813505325404814073 terminating,network_error
PacketResponder 2 for block blk_4605387128493718325 terminating,filesystem_error
BLOCK* NameSystem.addStoredBlock: blockMap updated: 10.251.122.79:50010 is added to blk_1726271502412816449 size 67108864,api_request
Receiving block blk_-1445970677921829671 src: /10.251.71.146:57146 dest: /10.251.71.146:50010,api_request
Received block blk_4605387128493718325 of size 67108864 from /10.251.25.237,api_request
PacketResponder 2 for block blk_3789259493257927466 terminating,network_error
Receiving block blk_-5943236831140622436 src: /10.251.39.179:35860 dest: /10.251.39.179:50010,api_request
BLOCK* NameSystem.addStoredBlock: blockMap updated: 10.251.127.243:50010 is added to blk_-5620918626619516154 size 67108864,filesystem_error
Received block blk_3789259493257927466 of size 67108864 from /10.251.197.226,api_request
BLOCK* NameSystem.addStoredBlock: blockMap updated: 10.251.127.243:50010 is added to blk_-933512214233668771 size 67108864,filesystem_error
Received block blk_-5075281238358203500 of size 67108864 from /10.251.39.192,api_request
Receiving block blk_1774305573023321883 src: /10.251.123.20:38179 dest: /10.251.123.20:50010,api_request
Receiving block blk_-7646259861420382780 src: /10.251.197.226:55399 dest: /10.251.197.226:50010,api_request
BLOCK* NameSystem.addStoredBlock: blockMap updated: 10.251.197.226:50010 is added to blk_3789259493257927466 size 67108864,api_request
Received block blk_-7813505325404814073 of size 67108864 from /10.251.199.86,api_request
BLOCK* NameSystem.addStoredBlock: blockMap updated: 10.251.214.112:50010 is added to blk_1726271502412816449 size 67108864,filesystem_error
PacketResponder 1 for block blk_-8427803867590461345 terminating,network_error
Receiving block blk_-2954113619284156045 src: /10.251.199.159:36942 dest: /10.251.199.159:50010,api_request
BLOCK* NameSystem.addStoredBlock: blockMap updated: 10.251.90.134:50010 is added to blk_-967996491121599783 size 67108864,filesystem_error
Receiving block blk_1774305573023321883 src: /10.250.10.213:43365 dest: /10.250.10.213:50010,api_request
BLOCK* NameSystem.addStoredBlock: blockMap updated: 10.251.123.20:50010 is added to blk_750848192117179744 size 67108864,api_request
Received block blk_-8427803867590461345 of size 67108864 from /10.251.199.86,api_request
Receiving block blk_4548739026758822283 src: /10.251.126.255:46589 dest: /10.251.126.255:50010,api_request
BLOCK* NameSystem.addStoredBlock: blockMap updated: 10.250.11.194:50010 is added to blk_-4003429123057279759 size 67108864,filesystem_error
BLOCK* NameSystem.addStoredBlock: blockMap updated: 10.251.123.1:50010 is added to blk_-2929623786234498912 size 67108864,api_request
BLOCK* NameSystem.addStoredBlock: blockMap updated: 10.251.214.18:50010 is added to blk_-7738534585403284719 size 67108864,filesystem_error
PacketResponder 0 for block blk_4605387128493718325 terminating,network_error
PacketResponder 0 for block blk_7399232881442109666 terminating,network_error
BLOCK* NameSystem.addStoredBlock: blockMap updated: 10.251.214.225:50010 is added to blk_-2478725565708611354 size 67108864,filesystem_error
Receiving block blk_-800020156232699336 src: /10.251.39.192:35356 dest: /10.251.39.192:50010,api_request
BLOCK* NameSystem.addStoredBlock: blockMap updated: 10.251.31.242:50010 is added to blk_-402712920386909980 size 67108864,filesystem_error
BLOCK* NameSystem.allocateBlock: /user/root/rand/_temporary/_task_200811092030_0001_m_000759_0/part-00759. blk_1817732267541489826,filesystem_error
BLOCK* NameSystem.addStoredBlock: blockMap updated: 10.251.42.16:50010 is added to blk_8693960090226565974 size 67108864,api_request
Received block blk_7399232881442109666 of size 67108864 from /10.251.194.213,api_request
BLOCK* NameSystem.addStoredBlock: blockMap updated: 10.251.65.203:50010 is added to blk_8693960090226565974 size 67108864,filesystem_error
Receiving block blk_8948624301149724995 src: /10.251.26.131:59411 dest: /10.251.26.131:50010,api_request
BLOCK* NameSystem.addStoredBlock: blockMap updated: 10.251.74.192:50010 is added to blk_8693960090226565974 size 67108864,api_request
Receiving block blk_97166147087111921 src: /10.251.39.192:35358 dest: /10.251.39.192:50010,api_request
Receiving block blk_-5943236831140622436 src: /10.251.30.134:53940 dest: /10.251.30.134:50010,api_request
BLOCK* NameSystem.addStoredBlock: blockMap updated: 10.250.7.32:50010 is added to blk_-402712920386909980 size 67108864,filesystem_error
PacketResponder 2 for block blk_-3890498788709431098 terminating,network_error
PacketResponder 2 for block blk_-3229867691344414430 terminating,network_error
Received block blk_-3890498788709431098 of size 67108864 from /10.251.215.16,api_request
BLOCK* NameSystem.addStoredBlock: blockMap updated: 10.250.7.96:50010 is added to blk_-2061112640193963879 size 67108864,api_request
BLOCK* NameSystem.allocateBlock: /user/root/rand/_temporary/_task_200811092030_0001_m_000712_0/part-00712. blk_-7646259861420382780,filesystem_error
BLOCK* NameSystem.allocateBlock: /user/root/rand/_temporary/_task_200811092030_0001_m_000415_0/part-00415. blk_3380979111295043814,filesystem_error
BLOCK* NameSystem.addStoredBlock: blockMap updated: 10.250.15.198:50010 is added to blk_1631179288873364876 size 67108864,filesystem_error
PacketResponder 2 for block blk_-5075281238358203500 terminating,network_error
BLOCK* NameSystem.addStoredBlock: blockMap updated: 10.251.123.132:50010 is added to blk_-2478725565708611354 size 67108864,filesystem_error
Received block blk_-3229867691344414430 of size 67108864 from /10.251.43.21,api_request
Receiving block blk_-2733306378095838778 src: /10.251.215.16:56831 dest: /10.251.215.16:50010,api_request
PacketResponder 0 for block blk_4625274985432880454 terminating,network_error
BLOCK* NameSystem.addStoredBlock: blockMap updated: 10.251.30.6:50010 is added to blk_-4003429123057279759 size 67108864,filesystem_error
BLOCK* NameSystem.addStoredBlock: blockMap updated: 10.250.5.237:50010 is added to blk_-2786408031062577003 size 67108864,filesystem_error
Received block blk_-5075281238358203500 of size 67108864 from /10.251.198.33,api_request
Received block blk_4625274985432880454 of size 67108864 from /10.251.111.130,api_request
BLOCK* NameSystem.addStoredBlock: blockMap updated: 10.251.30.6:50010 is added to blk_8081855625225189487 size 67108864,api_request
BLOCK* NameSystem.addStoredBlock: blockMap updated: 10.251.123.99:50010 is added to blk_-402712920386909980 size 67108864,api_request
Receiving block blk_-7055046348731387655 src: /10.251.31.160:59324 dest: /10.251.31.160:50010,api_request
Receiving block blk_-5943236831140622436 src: /10.251.30.134:36990 dest: /10.251.30.134:50010,api_request
BLOCK* NameSystem.addStoredBlock: blockMap updated: 10.251.214.18:50010 is added to blk_313462939647146257 size 67108864,filesystem_error
BLOCK* NameSystem.addStoredBlock: blockMap updated: 10.251.91.84:50010 is added to blk_3789259493257927466 size 67108864,filesystem_error
Verification succeeded for blk_4852227678728169541,authentication_success
PacketResponder 0 for block blk_8782208400278719319 terminating,network_error
BLOCK* NameSystem.addStoredBlock: blockMap updated: 10.251.123.1:50010 is added to blk_-2401344551726058630 size 67108864,api_request
BLOCK* NameSystem.addStoredBlock: blockMap updated: 10.251.106.37:50010 is added to blk_4605973202398610041 size 67108864,api_request
BLOCK* NameSystem.allocateBlock: /user/root/rand/_temporary/_task_200811092030_0001_m_000459_0/part-00459. blk_-2583364997400510787,filesystem_error
PacketResponder 2 for block blk_-7813505325404814073 terminating,network_error
Received block blk_-7813505325404814073 of size 67108864 from /10.251.38.197,api_request
BLOCK* NameSystem.addStoredBlock: blockMap updated: 10.251.67.113:50010 is added to blk_6097741244282888778 size 67108864,api_request
BLOCK* NameSystem.addStoredBlock: blockMap updated: 10.251.126.255:50010 is added to blk_4534426333428888985 size 67108864,filesystem_error
BLOCK* NameSystem.addStoredBlock: blockMap updated: 10.251.42.84:50010 is added to blk_-5356068163082614379 size 67108864,api_request
Received block blk_8782208400278719319 of size 67108864 from /10.251.31.160,api_request
BLOCK* NameSystem.allocateBlock: /user/root/rand/_temporary/_task_200811092030_0001_m_000499_0/part-00499. blk_-2496142279117518004,filesystem_error
BLOCK* NameSystem.allocateBlock: /user/root/rand/_temporary/_task_200811092030_0001_m_000137_0/part-00137. blk_-7453391683012592538,filesystem_error
BLOCK* NameSystem.allocateBlock: /user/root/rand/_temporary/_task_200811092030_0001_m_000349_0/part-00349. blk_-1705106607238317189,filesystem_error
BLOCK* NameSystem.addStoredBlock: blockMap updated: 10.250.7.146:50010 is added to blk_6097741244282888778 size 67108864,api_request
BLOCK* NameSystem.addStoredBlock: blockMap updated: 10.251.66.102:50010 is added to blk_-5356068163082614379 size 67108864,filesystem_error
BLOCK* NameSystem.allocateBlock: /user/root/rand/_temporary/_task_200811092030_0001_m_000608_0/part-00608. blk_7703578533341739184,filesystem_error
PacketResponder 0 for block blk_-8719013163248570074 terminating,network_error
BLOCK* NameSystem.addStoredBlock: blockMap updated: 10.251.193.175:50010 is added to blk_313462939647146257 size 67108864,filesystem_error
BLOCK* NameSystem.addStoredBlock: blockMap updated: 10.251.203.4:50010 is added to blk_-7686356201822676456 size 67108864,api_request
PacketResponder 1 for block blk_4041624061581285161 terminating,network_error
BLOCK* NameSystem.allocateBlock: /user/root/rand/_temporary/_task_200811092030_0001_m_000697_0/part-00697. blk_398451617297365078,filesystem_error
BLOCK* NameSystem.allocateBlock: /user/root/rand/_temporary/_task_200811092030_0001_m_000760_0/part-00760. blk_7946959404637598194,filesystem_error
BLOCK* NameSystem.addStoredBlock: blockMap updated: 10.251.199.225:50010 is added to blk_-5620918626619516154 size 67108864,filesystem_error
BLOCK* NameSystem.addStoredBlock: blockMap updated: 10.251.29.239:50010 is added to blk_-8296880933210608104 size 67108864,filesystem_error
BLOCK* NameSystem.allocateBlock: /user/root/rand/_temporary/_task_200811092030_0001_m_000611_0/part-00611. blk_-7725125028658915023,filesystem_error
BLOCK* NameSystem.addStoredBlock: blockMap updated: 10.251.38.197:50010 is added to blk_-8208966329614548928 size 67108864,api_request
BLOCK* NameSystem.addStoredBlock: blockMap updated: 10.251.127.243:50010 is added to blk_-1782386932691433013 size 67108864,filesystem_error
BLOCK* NameSystem.addStoredBlock: blockMap updated: 10.251.110.160:50010 is added to blk_-2929623786234498912 size 67108864,api_request
Received block blk_4041624061581285161 of size 67108864 from /10.251.107.196,api_request
PacketResponder 2 for block blk_-5224454667988347448 terminating,network_error
BLOCK* NameSystem.addStoredBlock: blockMap updated: 10.251.71.97:50010 is added to blk_-8296880933210608104 size 67108864,filesystem_error
BLOCK* NameSystem.allocateBlock: /user/root/rand/_temporary/_task_200811092030_0001_m_000720_0/part-00720. blk_3849222345809742029,filesystem_error
Received block blk_-5224454667988347448 of size 67108864 from /10.251.71.146,api_request
BLOCK* NameSystem.addStoredBlock: blockMap updated: 10.251.198.196:50010 is added to blk_-8856211891486528880 size 67108864,api_request
Received block blk_-8719013163248570074 of size 67108864 from /10.251.43.210,api_request
BLOCK* NameSystem.addStoredBlock: blockMap updated: 10.251.110.196:50010 is added to blk_-8296880933210608104 size 67108864,api_request
BLOCK* NameSystem.addStoredBlock: blockMap updated: 10.251.110.196:50010 is added to blk_4018923393939546231 size 67108864,api_request
Receiving block blk_-2954113619284156045 src: /10.250.6.191:46803 dest: /10.250.6.191:50010,api_request
BLOCK* NameSystem.addStoredBlock: blockMap updated: 10.251.195.52:50010 is added to blk_-1782386932691433013 size 67108864,filesystem_error
BLOCK* NameSystem.addStoredBlock: blockMap updated: 10.251.31.85:50010 is added to blk_313462939647146257 size 67108864,filesystem_error
BLOCK* NameSystem.addStoredBlock: blockMap updated: 10.251.91.229:50010 is added to blk_-933512214233668771 size 67108864,api_request
BLOCK* NameSystem.addStoredBlock: blockMap updated: 10.251.199.19:50010 is added to blk_4534426333428888985 size 67108864,filesystem_error
BLOCK* NameSystem.allocateBlock: /user/root/rand/_temporary/_task_200811092030_0001_m_000516_0/part-00516. blk_-2789622180344500080,filesystem_error
BLOCK* NameSystem.addStoredBlock: blockMap updated: 10.251.71.240:50010 is added to blk_6523914693513653213 size 67108864,filesystem_error
Receiving block blk_-4358861442329520889 src: /10.251.38.53:51311 dest: /10.251.38.53:50010,api_request
BLOCK* NameSystem.addStoredBlock: blockMap updated: 10.251.123.99:50010 is added to blk_750848192117179744 size 67108864,api_request
BLOCK* NameSystem.allocateBlock: /user/root/rand/_temporary/_task_200811092030_0001_m_000325_0/part-00325. blk_-5326721847686164116,filesystem_error
PacketResponder 1 for block blk_4605387128493718325 terminating,filesystem_error
BLOCK* NameSystem.addStoredBlock: blockMap updated: 10.251.197.226:50010 is added to blk_-2061112640193963879 size 67108864,filesystem_error
PacketResponder 1 for block blk_-8719013163248570074 terminating,network_error
BLOCK* NameSystem.allocateBlock: /user/root/rand/_temporary/_task_200811092030_0001_m_000646_0/part-00646. blk_-5874656005545583085,filesystem_error
BLOCK* NameSystem.addStoredBlock: blockMap updated: 10.251.203.149:50010 is added to blk_4534426333428888985 size 67108864,filesystem_error
BLOCK* NameSystem.addStoredBlock: blockMap updated: 10.251.203.129:50010 is added to blk_-8856211891486528880 size 67108864,filesystem_error
BLOCK* NameSystem.addStoredBlock: blockMap updated: 10.251.65.237:50010 is added to blk_-2478725565708611354 size 67108864,filesystem_error
Received block blk_4605387128493718325 of size 67108864 from /10.251.25.237,api_request
BLOCK* NameSystem.addStoredBlock: blockMap updated: 10.251.39.192:50010 is added to blk_-7738534585403284719 size 67108864,api_request
BLOCK* NameSystem.allocateBlock: /user/root/rand/_temporary/_task_200811092030_0001_m_000552_0/part-00552. blk_3556492567840444123,filesystem_error
BLOCK* NameSystem.addStoredBlock: blockMap updated: 10.251.67.113:50010 is added to blk_1631179288873364876 size 67108864,api_request
Received block blk_-967996491121599783 of size 67108864 from /10.251.106.10,api_request
BLOCK* NameSystem.allocateBlock: /user/root/rand/_temporary/_task_200811092030_0001_m_000436_0/part-00436. blk_8771642778823756157,filesystem_error
PacketResponder 0 for block blk_-967996491121599783 terminating,network_error
Received block blk_-8719013163248570074 of size 67108864 from /10.251.38.53,api_request
BLOCK* NameSystem.addStoredBlock: blockMap updated: 10.251.27.63:50010 is added to blk_-5620918626619516154 size 67108864,filesystem_error
BLOCK* NameSystem.addStoredBlock: blockMap updated: 10.251.111.37:50010 is added to blk_8081855625225189487 size 67108864,api_request
PacketResponder 1 for block blk_-5075281238358203500 terminating,network_error
PacketResponder 0 for block blk_-7738534585403284719 terminating,network_error
BLOCK* NameSystem.addStoredBlock: blockMap updated: 10.251.71.97:50010 is added to blk_1726271502412816449 size 67108864,filesystem_error
Received block blk_-967996491121599783 of size 67108864 from /10.251.91.229,api_request
Received block blk_-5075281238358203500 of size 67108864 from /10.251.198.33,api_request
BLOCK* NameSystem.allocateBlock: /user/root/rand/_temporary/_task_200811092030_0001_m_000584_0/part-00584. blk_-4466400088552187062,filesystem_error
BLOCK* NameSystem.addStoredBlock: blockMap updated: 10.250.7.146:50010 is added to blk_1631179288873364876 size 67108864,filesystem_error
BLOCK* NameSystem.addStoredBlock: blockMap updated: 10.251.73.188:50010 is added to blk_3789259493257927466 size 67108864,filesystem_error
Received block blk_-7738534585403284719 of size 67108864 from /10.251.39.192,api_request
Receiving block blk_-372632911736985200 src: /10.251.125.193:40324 dest: /10.251.125.193:50010,api_request
PacketResponder 2 for block blk_-7084167786157129167 terminating,network_error
BLOCK* NameSystem.addStoredBlock: blockMap updated: 10.251.199.150:50010 is added to blk_-933512214233668771 size 67108864,filesystem_error
BLOCK* NameSystem.addStoredBlock: blockMap updated: 10.250.13.188:50010 is added to blk_-1782386932691433013 size 67108864,api_request
BLOCK* NameSystem.addStoredBlock: blockMap updated: 10.251.31.180:50010 is added to blk_-8208966329614548928 size 67108864,filesystem_error
Received block blk_-7084167786157129167 of size 67108864 from /10.251.203.149,api_request
PacketResponder 0 for block blk_-2786408031062577003 terminating,network_error
BLOCK* NameSystem.addStoredBlock: blockMap updated: 10.251.67.113:50010 is added to blk_8081855625225189487 size 67108864,api_request
BLOCK* NameSystem.addStoredBlock: blockMap updated: 10.250.15.240:50010 is added to blk_-8856211891486528880 size 67108864,filesystem_error
Received block blk_-2786408031062577003 of size 67108864 from /10.251.31.5,api_request
BLOCK* NameSystem.allocateBlock: /user/root/rand/_temporary/_task_200811092030_0001_m_000574_0/part-00574. blk_3623513225228342200,filesystem_error
BLOCK* NameSystem.allocateBlock: /user/root/rand/_temporary/_task_200811092030_0001_m_000701_0/part-00701. blk_3998373347099073880,filesystem_error
Receiving block blk_-4279066583359914908 src: /10.251.90.134:39290 dest: /10.251.90.134:50010,api_request
PacketResponder 0 for block blk_-2061112640193963879 terminating,network_error
Received block blk_-2061112640193963879 of size 67108864 from /10.251.197.226,api_request
Receiving block blk_-6714539128345632048 src: /10.251.25.237:41167 dest: /10.251.25.237:50010,api_request
BLOCK* NameSystem.allocateBlock: /user/root/rand/_temporary/_task_200811092030_0001_m_000715_0/part-00715. blk_4822695719005003037,filesystem_error
BLOCK* NameSystem.addStoredBlock: blockMap updated: 10.250.10.176:50010 is added to blk_6523914693513653213 size 67108864,filesystem_error
PacketResponder 1 for block blk_-7813505325404814073 terminating,network_error
BLOCK* NameSystem.allocateBlock: /user/root/rand/_temporary/_task_200811092030_0001_m_000312_0/part-00312. blk_-8403863219461152282,filesystem_error
BLOCK* NameSystem.addStoredBlock: blockMap updated: 10.251.199.225:50010 is added to blk_-8208966329614548928 size 67108864,filesystem_error
BLOCK* NameSystem.allocateBlock: /user/root/rand/_temporary/_task_200811092030_0001_m_000621_0/part-00621. blk_-1423679051830694670,filesystem_error
PacketResponder 2 for block blk_-2061112640193963879 terminating,filesystem_error
Receiving block blk_-4279066583359914908 src: /10.251.203.149:57173 dest: /10.251.203.149:50010,api_request
Received block blk_-7813505325404814073 of size 67108864 from /10.251.38.197,api_request
Received block blk_-2061112640193963879 of size 67108864 from /10.251.106.37,api_request
BLOCK* NameSystem.allocateBlock: /user/root/rand/_temporary/_task_200811092030_0001_m_000456_0/part-00456. blk_-3027885019087022953,filesystem_error
BLOCK* NameSystem.addStoredBlock: blockMap updated: 10.250.5.161:50010 is added to blk_-2401344551726058630 size 67108864,filesystem_error
Receiving block blk_1774305573023321883 src: /10.250.10.213:42850 dest: /10.250.10.213:50010,api_request
PacketResponder 0 for block blk_-402712920386909980 terminating,network_error
BLOCK* NameSystem.addStoredBlock: blockMap updated: 10.251.38.197:50010 is added to blk_-5356068163082614379 size 67108864,api_request
PacketResponder 2 for block blk_-1782386932691433013 terminating,network_error
Received block blk_-1782386932691433013 of size 67108864 from /10.251.127.243,api_request
PacketResponder 0 for block blk_-1782386932691433013 terminating,network_error
PacketResponder 0 for block blk_3789259493257927466 terminating,network_error
Received block blk_-402712920386909980 of size 67108864 from /10.251.123.99,api_request
Receiving block blk_-598955920782630733 src: /10.251.107.196:33233 dest: /10.251.107.196:50010,api_request
PacketResponder 2 for block blk_313462939647146257 terminating,network_error
Received block blk_313462939647146257 of size 67108864 from /10.251.31.85,api_request
Received block blk_3789259493257927466 of size 67108864 from /10.251.73.188,api_request
Received block blk_-1782386932691433013 of size 67108864 from /10.250.13.188,api_request
Receiving block blk_7752251494354522012 src: /10.251.91.229:50043 dest: /10.251.91.229:50010,api_request
PacketResponder 2 for block blk_-8427803867590461345 terminating,network_error
PacketResponder 0 for block blk_-933512214233668771 terminating,network_error
Received block blk_-8427803867590461345 of size 67108864 from /10.251.199.86,api_request
PacketResponder 0 for block blk_-2478725565708611354 terminating,network_error
PacketResponder 0 for block blk_-8296880933210608104 terminating,network_error
Received block blk_-2478725565708611354 of size 67108864 from /10.251.123.132,api_request
PacketResponder 1 for block blk_-933512214233668771 terminating,filesystem_error
Received block blk_6097741244282888778 of size 67108864 from /10.251.199.150,api_request
PacketResponder 1 for block blk_6097741244282888778 terminating,network_error
Received block blk_-933512214233668771 of size 67108864 from /10.251.127.243,api_request
Received block blk_-963887220294303910 src: /10.251.39.179:38008 dest: /10.251.39.179:50010 of size 3561367,api_request
Receiving block blk_7379833155074044619 src: /10.251.38.197:42457 dest: /10.251.38.197:50010,api_request
PacketResponder 1 for block blk_-8856211891486528880 terminating,network_error
Received block blk_-933512214233668771 of size 67108864 from /10.251.199.150,api_request
PacketResponder 1 for block blk_-2401344551726058630 terminating,network_error
Received block blk_-8296880933210608104 of size 67108864 from /10.251.110.196,api_request
PacketResponder 1 for block blk_-8208966329614548928 terminating,network_error
Received block blk_-2401344551726058630 of size 67108864 from /10.251.123.1,api_request
Receiving block blk_1207568959074804298 src: /10.251.90.81:37743 dest: /10.251.90.81:50010,api_request
PacketResponder 0 for block blk_6097741244282888778 terminating,network_error
Received block blk_-8208966329614548928 of size 67108864 from /10.251.199.225,api_request
Received block blk_6097741244282888778 of size 67108864 from /10.250.7.146,api_request
PacketResponder 1 for block blk_-1782386932691433013 terminating,network_error
PacketResponder 0 for block blk_4041624061581285161 terminating,network_error
PacketResponder 0 for block blk_-5356068163082614379 terminating,network_error
Received block blk_-8856211891486528880 of size 67108864 from /10.250.15.240,api_request
PacketResponder 2 for block blk_-8296880933210608104 terminating,network_error
Received block blk_4041624061581285161 of size 67108864 from /10.251.111.37,api_request
Receiving block blk_8652779608730262978 src: /10.251.107.50:60123 dest: /10.251.107.50:50010,api_request
Received block blk_-1782386932691433013 of size 67108864 from /10.251.127.243,api_request
Received block blk_-5356068163082614379 of size 67108864 from /10.251.38.197,api_request
PacketResponder 0 for block blk_-8427803867590461345 terminating,network_error
PacketResponder 1 for block blk_-2478725565708611354 terminating,network_error
Received block blk_-8296880933210608104 of size 67108864 from /10.251.29.239,api_request
PacketResponder 0 for block blk_-5620918626619516154 terminating,network_error
Received block blk_-402712920386909980 of size 67108864 from /10.251.31.242,api_request
Receiving block blk_-6212811321158770182 src: /10.251.73.188:36727 dest: /10.251.73.188:50010,api_request
PacketResponder 2 for block blk_-402712920386909980 terminating,network_error
PacketResponder 2 for block blk_4605973202398610041 terminating,network_error
Receiving block blk_7752251494354522012 src: /10.250.15.198:48455 dest: /10.250.15.198:50010,api_request
Received block blk_4605973202398610041 of size 67108864 from /10.251.106.37,api_request
PacketResponder 0 for block blk_-8856211891486528880 terminating,network_error
Received block blk_-2478725565708611354 of size 67108864 from /10.251.214.225,api_request
Receiving block blk_1817732267541489826 src: /10.250.14.38:35511 dest: /10.250.14.38:50010,api_request
Received block blk_-8856211891486528880 of size 67108864 from /10.251.203.129,api_request
Receiving block blk_-2733306378095838778 src: /10.251.74.79:36831 dest: /10.251.74.79:50010,api_request
Received block blk_-5620918626619516154 of size 67108864 from /10.251.199.225,api_request
Receiving block blk_4548739026758822283 src: /10.251.197.161:56794 dest: /10.251.197.161:50010,api_request
Receiving block blk_-6714539128345632048 src: /10.251.25.237:48346 dest: /10.251.25.237:50010,api_request
PacketResponder 1 for block blk_-4003429123057279759 terminating,network_error
Receiving block blk_-4279066583359914908 src: /10.251.203.149:59579 dest: /10.251.203.149:50010,api_request
PacketResponder 2 for block blk_-2401344551726058630 terminating,network_error
Receiving block blk_7703578533341739184 src: /10.251.199.19:35203 dest: /10.251.199.19:50010,api_request
PacketResponder 1 for block blk_8081855625225189487 terminating,network_error
Received block blk_8081855625225189487 of size 67108864 from /10.251.30.6,api_request
Receiving block blk_-8403863219461152282 src: /10.251.30.6:48183 dest: /10.251.30.6:50010,api_request
PacketResponder 1 for block blk_1631179288873364876 terminating,network_error
Receiving block blk_-7055046348731387655 src: /10.251.201.204:56433 dest: /10.251.201.204:50010,api_request
PacketResponder 0 for block blk_-7686356201822676456 terminating,network_error
Received block blk_-2401344551726058630 of size 67108864 from /10.251.123.1,api_request
Received block blk_-7686356201822676456 of size 67108864 from /10.251.194.147,api_request
PacketResponder 2 for block blk_-5356068163082614379 terminating,network_error
Receiving block blk_-6365457978943624335 src: /10.251.31.160:36095 dest: /10.251.31.160:50010,api_request
PacketResponder 1 for block blk_1726271502412816449 terminating,network_error
Received block blk_1631179288873364876 of size 67108864 from /10.251.67.113,api_request
Received block blk_-4003429123057279759 of size 67108864 from /10.250.11.194,api_request
Receiving block blk_2775713868141410685 src: /10.251.199.86:33724 dest: /10.251.199.86:50010,api_request
PacketResponder 1 for block blk_-402712920386909980 terminating,network_error
PacketResponder 2 for block blk_-2478725565708611354 terminating,network_error
Receiving block blk_-2954113619284156045 src: /10.250.6.191:41009 dest: /10.250.6.191:50010,api_request
Received block blk_-5356068163082614379 of size 67108864 from /10.251.42.84,api_request
Received block blk_-402712920386909980 of size 67108864 from /10.251.31.242,api_request
Receiving block blk_8909107483987085802 src: /10.251.198.33:40893 dest: /10.251.198.33:50010,api_request
PacketResponder 2 for block blk_8081855625225189487 terminating,network_error
Received block blk_1726271502412816449 of size 67108864 from /10.251.122.79,api_request
PacketResponder 1 for block blk_750848192117179744 terminating,network_error
Receiving block blk_-598955920782630733 src: /10.251.107.196:38484 dest: /10.251.107.196:50010,api_request
Received block blk_8081855625225189487 of size 67108864 from /10.251.30.6,api_request
Received block blk_750848192117179744 of size 67108864 from /10.251.74.134,api_request
Receiving block blk_2775713868141410685 src: /10.251.199.86:57788 dest: /10.251.199.86:50010,api_request
PacketResponder 1 for block blk_313462939647146257 terminating,network_error
writeBlock blk_-6714539128345632048 received exception java.io.IOException: Could not read from stream,filesystem_error
PacketResponder 1 for block blk_-5356068163082614379 terminating,network_error
Received block blk_-2478725565708611354 of size 67108864 from /10.251.214.225,api_request
API responded with 409 Conflict [ID:1561],api_error
Gateway unreachable [ID:3430],network_error
Timeout accessing resource [ID:5098],service_timeout
Password attempt failed [ID:2335],authentication_failure
API responded with 409 Conflict [ID:2839],api_error
Directory /tmp/cache not accessible [ID:9103],filesystem_error
File not found: /etc/config.json [ID:2946],filesystem_error
Token validated successfully [ID:9826],authentication_success
Token invalid: signature mismatch [ID:3958],authentication_failure
POST /webhook processed [ID:7830],api_request
Disk quota exceeded for user 'app' [ID:7723],resource_exhaustion
Cache eviction storm detected [ID:1661],resource_exhaustion
Symbolic link loop detected [ID:7158],filesystem_error
Packet loss exceeded 5% [ID:6808],network_error
Password attempt failed [ID:1779],authentication_failure
Request stalled in queue [ID:1156],service_timeout
Login succeeded [ID:1064],authentication_success
Authentication failed: invalid password [ID:7941],authentication_failure
Permission denied: /var/log/syslog [ID:7531],filesystem_error
Certificate validation fail for site example.com [ID:8914],security_alert
Unable to write to log file [ID:2911],filesystem_error
Health probe timed out [ID:3396],service_timeout
API responded with 409 Conflict [ID:9049],api_error
Database unreachable: timeout [ID:7099],database_error
Token invalid: signature mismatch [ID:2508],authentication_failure
Session established for user 'root' [ID:6140],authentication_success
Relation 'users' does not exist [ID:8079],database_error
API timeout while waiting for upstream [ID:6889],api_error
YAML syntax error at line 10 [ID:9279],configuration_error
PUT /api/items failed [ID:5838],api_error
Connection refused by host [ID:4711],network_error
Successfully authenticated user 'service_account' [ID:7837],authentication_success
Blocked by firewall: inbound connection from blacklisted IP [ID:5054],security_alert
Missing environment variable 'API_KEY' [ID:1324],configuration_error
Gateway unreachable [ID:8619],network_error
PUT /api/user/123 received [ID:3550],api_request
Authentication failed: invalid password [ID:3776],authentication_failure
User 'guest' blocked after failed login attempts [ID:7326],authentication_failure
No space left on device [ID:6757],filesystem_error
TLS handshake error [ID:4452],network_error
Thread pool exhausted [ID:7706],resource_exhaustion
API error: internal server error [ID:5124],api_error
Out of memory: Kill process 1234 (java) [ID:3190],resource_exhaustion
Invalid XML structure [ID:8722],configuration_error
Invalid credential provided for user 'jdoe' [ID:5224],authentication_failure
File not found: /etc/config.json [ID:7966],filesystem_error
YAML syntax error at line 10 [ID:2513],configuration_error
No space left on device [ID:3847],filesystem_error
Packet loss exceeded 5% [ID:5502],network_error
Malware detected in file upload [ID:9576],security_alert
Kerberos authentication failed [ID:2808],authentication_failure
Authentication failed: invalid password [ID:4702],authentication_failure
Authentication succeeded [ID:2196],authentication_success
Permission denied: /var/log/syslog [ID:8961],filesystem_error
Duplicate key value violates unique constraint [ID:3046],database_error
DELETE /api/item/55 processed [ID:1192],api_request
Authentication succeeded [ID:1355],authentication_success
Route unavailable to 10.0.0.0/24 [ID:7182],network_error
File corruption detected [ID:2547],filesystem_error
DNS resolution failed for host 'db-primary' [ID:1873],network_error
Authentication failed: invalid password [ID:7994],authentication_failure
Multiple failed login attempts from single IP [ID:3337],authentication_failure
Timeout contacting auth service [ID:8999],service_timeout
Database unreachable: timeout [ID:2356],database_error
Packet loss exceeded 5% [ID:5160],network_error
TLS handshake error [ID:4373],network_error
User 'guest' blocked after failed login attempts [ID:6704],authentication_failure
Invalid configuration value for 'timeout' [ID:8680],configuration_error
Database unreachable: timeout [ID:6553],database_error
POST /webhook processed [ID:8266],api_request
Unsupported configuration version [ID:2708],configuration_error
GET /api/v1/users returned error 500 [ID:6276],api_error
DNS resolution failed for host 'db-primary' [ID:7725],network_error
DELETE /api/item/55 processed [ID:9745],api_request
Accepted password for user 'jdoe' [ID:2079],authentication_success
No space left on device [ID:3112],filesystem_error
File corruption detected [ID:4236],filesystem_error
Multiple failed login attempts from single IP [ID:1275],authentication_failure
Database unreachable: timeout [ID:1567],database_error
MongoDB connection refused [ID:8862],database_error
API responded with 409 Conflict [ID:9987],api_error
OOM-killed process apache2 [ID:9140],resource_exhaustion
DNS resolution failed for host 'db-primary' [ID:9246],network_error
Multiple failed login attempts from single IP [ID:8709],authentication_failure
Disk quota exceeded for user 'app' [ID:6312],resource_exhaustion
Timeout contacting auth service [ID:3571],service_timeout
Login succeeded from 10.0.0.5 [ID:3639],authentication_success
OPTIONS /api/cors check executed [ID:3105],api_request
Health probe timed out [ID:1181],service_timeout
GET /api/v1/users returned error 500 [ID:8115],api_error
Service timeout: upstream did not respond [ID:9268],service_timeout
Session established for user 'root' [ID:4163],authentication_success
YAML syntax error at line 10 [ID:5652],configuration_error
Missing environment variable 'API_KEY' [ID:5785],configuration_error
Timeout accessing resource [ID:9914],service_timeout
High network latency detected [ID:4419],network_error
API responded with 503 Service Unavailable [ID:8914],api_error
Cache eviction storm detected [ID:6829],resource_exhaustion
Connection refused by host [ID:5756],network_error
Data breach alert: sensitive data access [ID:5885],security_alert
API responded with 409 Conflict [ID:5578],api_error
Access denied for user 'test' [ID:7606],authentication_failure
Health probe timed out [ID:5552],service_timeout
GET /api/v1/users returned error 500 [ID:4706],api_error
Port scan detected from 192.168.1.50 [ID:3682],security_alert
Cache eviction storm detected [ID:8989],resource_exhaustion
Relation 'users' does not exist [ID:8253],database_error
Relation 'users' does not exist [ID:1137],database_error
Unable to write to log file [ID:5350],filesystem_error
CPU starvation detected [ID:5340],resource_exhaustion
OPTIONS /api/cors check executed [ID:8269],api_request
Blocked by firewall: inbound connection from blacklisted IP [ID:1918],security_alert
Intrusion attempt detected [ID:5500],security_alert
Operation timed out [ID:1665],service_timeout
Cache eviction storm detected [ID:9803],resource_exhaustion
Malformed API request received [ID:6140],api_error
GET /api/v2/status received [ID:4182],api_request
Query failed: timeout [ID:6237],database_error
API responded with 503 Service Unavailable [ID:9257],api_error
Service timeout: upstream did not respond [ID:4690],service_timeout
MFA challenge passed [ID:3713],authentication_success
Request stalled in queue [ID:5289],service_timeout
Security alert: unauthorized access detected [ID:3918],security_alert
Request timed out after 30000ms [ID:9772],service_timeout
Incorrect permission on config file [ID:8164],configuration_error
Failed to delete temporary file [ID:6233],filesystem_error
Untrusted binary execution prevented [ID:7787],security_alert
Successfully authenticated user 'service_account' [ID:4831],authentication_success
Integrity failure: foreign key constraint [ID:6214],database_error
POST /api/login initiated [ID:9953],api_request
Permission denied: /var/log/syslog [ID:9804],filesystem_error
Too many open files [ID:7985],resource_exhaustion
Incoming request GET /index.html [ID:9932],api_request
Out of memory: Kill process 1234 (java) [ID:4645],resource_exhaustion
POST /api/login initiated [ID:6502],api_request
Incoming request from 10.0.0.1 [ID:9533],api_request
GET /api/v1/users returned error 500 [ID:9748],api_error
Accepted password for user 'jdoe' [ID:6460],authentication_success
Gateway unreachable [ID:5323],network_error
Successful authentication for user 'admin' [ID:7439],authentication_success
Missing environment variable 'API_KEY' [ID:1110],configuration_error
API timeout while waiting for upstream [ID:7787],api_error
GET /api/v2/status received [ID:1486],api_request
File not found: /etc/config.json [ID:6593],filesystem_error
Accepted password for user 'jdoe' [ID:3361],authentication_success
Invalid configuration value for 'timeout' [ID:1408],configuration_error
Security alert: unauthorized access detected [ID:5489],security_alert
Database unreachable: timeout [ID:6358],database_error
SSO login denied for token 12345 [ID:2183],authentication_failure
Error parsing config: unexpected token [ID:3506],configuration_error
Incoming request from 10.0.0.1 [ID:9337],api_request
Packet loss exceeded 5% [ID:3854],network_error
Untrusted binary execution prevented [ID:3448],security_alert
Token invalid: signature mismatch [ID:6134],authentication_failure
Gateway unreachable [ID:9551],network_error
System load exceeded threshold [ID:5690],resource_exhaustion
Query failed: timeout [ID:3162],database_error
Login succeeded [ID:9568],authentication_success
Privilege escalation attempt blocked [ID:1159],security_alert
Gateway returned 502 Bad Gateway [ID:7024],api_error
POST /api/login initiated [ID:5216],api_request
Transaction deadlock detected [ID:5531],database_error
No space left on device [ID:2691],filesystem_error
CPU starvation detected [ID:1625],resource_exhaustion
Insufficient memory to spawn new thread [ID:5168],resource_exhaustion
Intrusion attempt detected [ID:9577],security_alert
Route unavailable to 10.0.0.0/24 [ID:4052],network_error
Operation timed out [ID:8499],service_timeout
Filesystem error: read-only file system [ID:9056],filesystem_error
Data breach alert: sensitive data access [ID:3976],security_alert
Integrity failure: foreign key constraint [ID:2719],database_error
Token invalid: signature mismatch [ID:1673],authentication_failure
GET /api/v1/users returned error 500 [ID:5918],api_error
Incorrect permission on config file [ID:1287],configuration_error
DELETE /api/item/55 processed [ID:7767],api_request
OPTIONS /api/cors check executed [ID:1178],api_request
Database unreachable: timeout [ID:8603],database_error
Multiple failed login attempts from single IP [ID:4555],authentication_failure
Invalid configuration value for 'timeout' [ID:5668],configuration_error
Filesystem error: read-only file system [ID:7232],filesystem_error
System load exceeded threshold [ID:2312],resource_exhaustion
Untrusted binary execution prevented [ID:8754],security_alert
POST /api/orders crashed [ID:1114],api_error
SQL error: syntax error near 'FROM' [ID:5562],database_error
Directory /tmp/cache not accessible [ID:9173],filesystem_error
Error parsing config: unexpected token [ID:4351],configuration_error
Anomalous login from unusual location [ID:1287],security_alert
Malware detected in file upload [ID:1526],security_alert
User 'guest' blocked after failed login attempts [ID:1435],authentication_failure
Duplicate key value violates unique constraint [ID:7392],database_error
Malformed JSON in config file [ID:9959],configuration_error
PATCH /api/settings initiated [ID:4684],api_request
High network latency detected [ID:5105],network_error
GET /api/v2/status received [ID:3453],api_request
Filesystem error: read-only file system [ID:6152],filesystem_error
Intrusion attempt detected [ID:3495],security_alert
Connection timed out [ID:4776],service_timeout
Kerberos authentication failed [ID:4416],authentication_failure
Connection timed out [ID:7775],service_timeout
Relation 'users' does not exist [ID:6696],database_error
File not found: /etc/config.json [ID:5467],filesystem_error
MFA verification failed [ID:6527],authentication_failure
Unknown configuration key 'feature_x' [ID:6051],configuration_error
Token validated successfully [ID:3521],authentication_success
Timeout contacting auth service [ID:2014],service_timeout
Connection refused by host [ID:8972],network_error
Intrusion attempt detected [ID:4136],security_alert
Malformed API request received [ID:8203],api_error
Filesystem error: read-only file system [ID:9120],filesystem_error
Certificate validation fail for site example.com [ID:6402],security_alert
Accepted password for user 'jdoe' [ID:1038],authentication_success
POST /api/login initiated [ID:7062],api_request
Insufficient memory to spawn new thread [ID:8391],resource_exhaustion
Operation timed out [ID:3002],service_timeout
POST /api/orders crashed [ID:8824],api_error
Malformed JSON in config file [ID:3731],configuration_error
SSO login denied for token 12345 [ID:3662],authentication_failure
MFA verification failed [ID:3280],authentication_failure
Network unreachable [ID:5479],network_error
Security alert: unauthorized access detected [ID:8761],security_alert
DELETE /api/item/55 processed [ID:2442],api_request
HEAD /health started [ID:7595],api_request
Anomalous login from unusual location [ID:9312],security_alert
Error parsing config: unexpected token [ID:7311],configuration_error
Session established for user 'root' [ID:6819],authentication_success
Out of memory: Kill process 1234 (java) [ID:6216],resource_exhaustion
SQL error: syntax error near 'FROM' [ID:5106],database_error
Database unreachable: timeout [ID:4963],database_error
Cache eviction storm detected [ID:2396],resource_exhaustion
API error: internal server error [ID:9782],api_error
MFA challenge passed [ID:8398],authentication_success
Duplicate key value violates unique constraint [ID:3402],database_error
Password attempt failed [ID:3150],authentication_failure
Configuration error: missing parameter 'db_host' [ID:9266],configuration_error
MFA challenge passed [ID:9796],authentication_success
Authentication failed: invalid password [ID:3045],authentication_failure
OPTIONS /api/cors check executed [ID:5977],api_request
POST /api/orders crashed [ID:7762],api_error
System load exceeded threshold [ID:8681],resource_exhaustion
Error parsing config: unexpected token [ID:7845],configuration_error
Kerberos authentication failed [ID:9749],authentication_failure
Timed out waiting for lock [ID:2695],service_timeout
Multiple failed login attempts from single IP [ID:5546],authentication_failure
Operation timed out [ID:1849],service_timeout
POST /api/login initiated [ID:7679],api_request
Service timeout: upstream did not respond [ID:4978],service_timeout
Access denied for user 'test' [ID:4231],authentication_failure
YAML syntax error at line 10 [ID:8735],configuration_error
Error parsing config: unexpected token [ID:3619],configuration_error
PacketResponder 1 for block blk_-250264036841950616 terminating,network_error
PacketResponder 0 for block blk_2479364758168008617 terminating,network_error
Received block blk_-6300535047327763733 of size 67108864 from /10.251.42.9,api_request
Received block blk_-250264036841950616 of size 67108864 from /10.251.126.227,api_request
Receiving block blk_6641608796019290641 src: /10.251.214.225:42383 dest: /10.251.214.225:50010,api_request
BLOCK* NameSystem.allocateBlock: /user/root/rand/_temporary/_task_200811092030_0001_m_000031_0/part-00031. blk_236562029153135069,filesystem_error
PacketResponder 2 for block blk_-4974385501486779585 terminating,network_error
Receiving block blk_-5185602630933202827 src: /10.250.7.32:50910 dest: /10.250.7.32:50010,api_request
Receiving block blk_-868453012854818007 src: /10.251.193.175:41693 dest: /10.251.193.175:50010,api_request
Received block blk_6779192487924432766 of size 67108864 from /10.251.91.32,api_request
PacketResponder 0 for block blk_8940898807164927191 terminating,network_error
Receiving block blk_-7776748408435319146 src: /10.251.42.191:37132 dest: /10.251.42.191:50010,api_request
BLOCK* NameSystem.allocateBlock: /user/root/rand/_temporary/_task_200811092030_0001_m_000497_0/part-00497. blk_-1520346310212083768,filesystem_error
Received block blk_2479364758168008617 of size 67108864 from /10.251.43.115,api_request
PacketResponder 2 for block blk_2609767600736860406 terminating,network_error
PacketResponder 1 for block blk_-4321363932347991112 terminating,network_error
PacketResponder 0 for block blk_-3677454271482657138 terminating,network_error
PacketResponder 2 for block blk_-3980154195933768584 terminating,network_error
Received block blk_-4974385501486779585 of size 67108864 from /10.251.125.237,api_request
BLOCK* NameSystem.allocateBlock: /user/root/rand/_temporary/_task_200811092030_0001_m_000561_0/part-00561. blk_96500762637299775,filesystem_error
Received block blk_2609767600736860406 of size 67108864 from /10.251.70.5,api_request
BLOCK* NameSystem.allocateBlock: /user/root/rand/_temporary/_task_200811092030_0001_m_000576_0/part-00576. blk_-2806723019719523033,filesystem_error
Received block blk_-4321363932347991112 of size 67108864 from /10.251.127.191,api_request
PacketResponder 2 for block blk_-6335313764190768301 terminating,network_error
PacketResponder 0 for block blk_-7887977429342726739 terminating,network_error
Received block blk_-6335313764190768301 of size 67108864 from /10.251.70.211,api_request
PacketResponder 1 for block blk_6285549892133025931 terminating,network_error
Received block blk_-3677454271482657138 of size 3559184 from /10.251.195.70,api_request
Received block blk_6285549892133025931 of size 67108864 from /10.250.19.16,api_request
BLOCK* NameSystem.allocateBlock: /user/root/rand/_temporary/_task_200811092030_0001_m_000632_0/part-00632. blk_4246034217575940220,filesystem_error
Received block blk_-3980154195933768584 of size 67108864 from /10.250.17.177,api_request
Received block blk_8940898807164927191 of size 67108864 from /10.251.121.224,api_request
Receiving block blk_-1196019860597610288 src: /10.251.31.85:54895 dest: /10.251.31.85:50010,api_request
PacketResponder 0 for block blk_7411549038320987727 terminating,network_error
Received block blk_-7887977429342726739 of size 67108864 from /10.251.67.113,api_request
BLOCK* NameSystem.addStoredBlock: blockMap updated: 10.250.6.4:50010 is added to blk_-7785228579840062697 size 67108864,api_request
Receiving block blk_9090839887527395991 src: /10.251.71.240:42208 dest: /10.251.71.240:50010,api_request
PacketResponder 2 for block blk_2900911527250106746 terminating,network_error
Receiving block blk_6263807359485750335 src: /10.251.110.68:36478 dest: /10.251.110.68:50010,api_request
Receiving block blk_-7129287510570290057 src: /10.251.90.81:42017 dest: /10.251.90.81:50010,api_request
BLOCK* NameSystem.addStoredBlock: blockMap updated: 10.250.7.96:50010 is added to blk_-6667090962927028516 size 67108864,filesystem_error
Receiving block blk_-9039789976760025618 src: /10.250.13.240:38942 dest: /10.250.13.240:50010,api_request
Received block blk_7411549038320987727 of size 67108864 from /10.251.126.5,api_request
Receiving block blk_-7776748408435319146 src: /10.251.42.191:44364 dest: /10.251.42.191:50010,api_request
Receiving block blk_3729753784678581131 src: /10.251.215.70:55870 dest: /10.251.215.70:50010,api_request
Received block blk_2900911527250106746 of size 67108864 from /10.251.199.19,api_request
BLOCK* NameSystem.addStoredBlock: blockMap updated: 10.251.203.166:50010 is added to blk_9132118022176312425 size 67108864,api_request
Receiving block blk_-9193914491058218505 src: /10.251.201.204:43474 dest: /10.251.201.204:50010,api_request
Receiving block blk_-924839600422356971 src: /10.250.14.196:37429 dest: /10.250.14.196:50010,api_request
Receiving block blk_-1308671624612033799 src: /10.251.91.84:58255 dest: /10.251.91.84:50010,api_request
Receiving block blk_-7776748408435319146 src: /10.251.66.192:52726 dest: /10.251.66.192:50010,api_request
Receiving block blk_2030065497956214994 src: /10.251.70.211:56958 dest: /10.251.70.211:50010,api_request
BLOCK* NameSystem.addStoredBlock: blockMap updated: 10.251.214.225:50010 is added to blk_236562029153135069 size 3546806,filesystem_error
PacketResponder 2 for block blk_7016031282273563296 terminating,network_error
PacketResponder 2 for block blk_1486407992905342928 terminating,network_error
PacketResponder 2 for block blk_8940898807164927191 terminating,network_error
Receiving block blk_7339552601395282457 src: /10.251.122.65:53081 dest: /10.251.122.65:50010,api_request
Receiving block blk_4379802129938036380 src: /10.251.39.179:56618 dest: /10.251.39.179:50010,api_request
Receiving block blk_-6313509556463650370 src: /10.251.107.196:33151 dest: /10.251.107.196:50010,api_request
Received block blk_1486407992905342928 of size 67108864 from /10.251.201.204,api_request
BLOCK* NameSystem.addStoredBlock: blockMap updated: 10.251.29.239:50010 is added to blk_-7675344707065631132 size 67108864,filesystem_error
Receiving block blk_-1196019860597610288 src: /10.251.90.134:50282 dest: /10.251.90.134:50010,api_request
Received block blk_7016031282273563296 of size 67108864 from /10.251.126.255,api_request
PacketResponder 1 for block blk_2713656210464436133 terminating,network_error
PacketResponder 0 for block blk_4914826883933611840 terminating,network_error
PacketResponder 1 for block blk_7327115089553210708 terminating,network_error
Received block blk_8940898807164927191 of size 67108864 from /10.251.91.229,api_request
BLOCK* NameSystem.addStoredBlock: blockMap updated: 10.251.43.115:50010 is added to blk_464052208915196748 size 3545932,api_request
PacketResponder 0 for block blk_1486407992905342928 terminating,network_error
Receiving block blk_2504834609764063665 src: /10.251.43.21:59354 dest: /10.251.43.21:50010,api_request
PacketResponder 0 for block blk_7016031282273563296 terminating,network_error
Received block blk_7327115089553210708 of size 67108864 from /10.250.6.4,api_request
Receiving block blk_6641608796019290641 src: /10.251.214.225:41044 dest: /10.251.214.225:50010,api_request
BLOCK* NameSystem.addStoredBlock: blockMap updated: 10.251.71.16:50010 is added to blk_-8479696891338831845 size 67108864,filesystem_error
Received block blk_2713656210464436133 of size 3535682 from /10.251.39.192,network_error
Received block blk_1486407992905342928 of size 67108864 from /10.250.15.101,api_request
Receiving block blk_-924839600422356971 src: /10.251.126.227:58698 dest: /10.251.126.227:50010,api_request
BLOCK* NameSystem.addStoredBlock: blockMap updated: 10.250.7.146:50010 is added to blk_-4129662621845236058 size 67108864,filesystem_error
Receiving block blk_-7199733435216834133 src: /10.251.122.65:34193 dest: /10.251.122.65:50010,api_request
PacketResponder 0 for block blk_-7120398620787790285 terminating,network_error
PacketResponder 0 for block blk_6285549892133025931 terminating,network_error
BLOCK* NameSystem.addStoredBlock: blockMap updated: 10.251.126.255:50010 is added to blk_-384402702686154673 size 67108864,filesystem_error
Received block blk_6285549892133025931 of size 67108864 from /10.251.127.47,api_request
PacketResponder 1 for block blk_263234557905107333 terminating,network_error
Received block blk_7016031282273563296 of size 67108864 from /10.251.73.220,api_request
Receiving block blk_-1308671624612033799 src: /10.251.42.207:40355 dest: /10.251.42.207:50010,api_request
PacketResponder 0 for block blk_-5437912913711861275 terminating,network_error
Received block blk_-7120398620787790285 of size 3547927 from /10.251.106.50,api_request
PacketResponder 2 for block blk_7411549038320987727 terminating,network_error
BLOCK* NameSystem.addStoredBlock: blockMap updated: 10.251.195.33:50010 is added to blk_7685440385204653580 size 67108864,filesystem_error
Receiving block blk_-1843399038682748606 src: /10.251.65.237:47038 dest: /10.251.65.237:50010,api_request
Receiving block blk_540653032099699956 src: /10.251.122.38:43900 dest: /10.251.122.38:50010,api_request
Received block blk_-5437912913711861275 of size 67108864 from /10.251.215.70,api_request
BLOCK* NameSystem.addStoredBlock: blockMap updated: 10.251.199.150:50010 is added to blk_-9078249423196160732 size 67108864,filesystem_error
Received block blk_263234557905107333 of size 67108864 from /10.251.70.37,api_request
Receiving block blk_8492663237969712909 src: /10.251.70.211:40024 dest: /10.251.70.211:50010,api_request
PacketResponder 0 for block blk_2900911527250106746 terminating,network_error
Receiving block blk_540653032099699956 src: /10.251.109.236:48451 dest: /10.251.109.236:50010,api_request
PacketResponder 0 for block blk_6091077168298673813 terminating,network_error
Receiving block blk_7438379999836449387 src: /10.251.127.191:53902 dest: /10.251.127.191:50010,api_request
Receiving block blk_-3577557511417936570 src: /10.251.35.1:39760 dest: /10.251.35.1:50010,api_request
BLOCK* NameSystem.addStoredBlock: blockMap updated: 10.251.35.1:50010 is added to blk_3024679469150838924 size 67108864,filesystem_error
Received block blk_6091077168298673813 of size 67108864 from /10.251.39.242,api_request
Received block blk_7411549038320987727 of size 67108864 from /10.251.71.240,api_request
Receiving block blk_-5567562672357984298 src: /10.251.38.53:56444 dest: /10.251.38.53:50010,api_request
PacketResponder 2 for block blk_2479364758168008617 terminating,network_error
Received block blk_2479364758168008617 of size 67108864 from /10.251.110.196,api_request
BLOCK* NameSystem.addStoredBlock: blockMap updated: 10.251.67.113:50010 is added to blk_-3046096024532286249 size 67108864,filesystem_error
Receiving block blk_-4568480225615789033 src: /10.251.66.192:36359 dest: /10.251.66.192:50010,api_request
Receiving block blk_3943582101490702146 src: /10.250.17.177:34012 dest: /10.250.17.177:50010,api_request
PacketResponder 1 for block blk_2609767600736860406 terminating,network_error
Receiving block blk_-3731196071527735383 src: /10.251.43.210:58313 dest: /10.251.43.210:50010,api_request
PacketResponder 1 for block blk_7016031282273563296 terminating,network_error
Received block blk_2609767600736860406 of size 67108864 from /10.251.70.5,api_request
Received block blk_2900911527250106746 of size 67108864 from /10.251.193.224,api_request
Receiving block blk_9090839887527395991 src: /10.251.67.4:35270 dest: /10.251.67.4:50010,api_request
BLOCK* NameSystem.allocateBlock: /user/root/rand/_temporary/_task_200811092030_0001_m_000575_0/part-00575. blk_-7110081048125475098,filesystem_error
PacketResponder 2 for block blk_2713656210464436133 terminating,network_error
PacketResponder 0 for block blk_4305010996479880807 terminating,network_error
PacketResponder 0 for block blk_-4974385501486779585 terminating,network_error
Receiving block blk_1544197837001231312 src: /10.250.5.237:33479 dest: /10.250.5.237:50010,api_request
Receiving block blk_-4334508725444081575 src: /10.251.111.80:35527 dest: /10.251.111.80:50010,api_request
PacketResponder 1 for block blk_4283313188730581235 terminating,network_error
PacketResponder 1 for block blk_-3677454271482657138 terminating,network_error
Receiving block blk_-3359932231660612447 src: /10.251.194.245:39559 dest: /10.251.194.245:50010,api_request
Received block blk_2713656210464436133 of size 3535682 from /10.251.39.192,network_error
PacketResponder 2 for block blk_4408778780912692479 terminating,network_error
PacketResponder 2 for block blk_7487583713815829893 terminating,network_error
Received block blk_4408778780912692479 of size 67108864 from /10.251.122.79,api_request
Received block blk_4283313188730581235 of size 67108864 from /10.251.65.237,api_request
Receiving block blk_7936423389955810426 src: /10.251.73.220:52727 dest: /10.251.73.220:50010,api_request
Receiving block blk_-868453012854818007 src: /10.251.193.175:58887 dest: /10.251.193.175:50010,api_request
PacketResponder 2 for block blk_1110783471702552247 terminating,network_error
Received block blk_-4974385501486779585 of size 67108864 from /10.251.31.180,api_request
Received block blk_4305010996479880807 of size 67108864 from /10.251.215.50,api_request
Receiving block blk_-5412304711330412006 src: /10.251.199.150:35198 dest: /10.251.199.150:50010,api_request
Received block blk_7016031282273563296 of size 67108864 from /10.251.126.255,api_request
Receiving block blk_5209631199800597969 src: /10.251.71.146:44834 dest: /10.251.71.146:50010,api_request
Received block blk_7487583713815829893 of size 67108864 from /10.251.198.196,api_request
Verification succeeded for blk_-3407920531979306897,authentication_success
Receiving block blk_2504834609764063665 src: /10.251.43.21:32902 dest: /10.251.43.21:50010,api_request
PacketResponder 0 for block blk_-4883533210521725008 terminating,network_error
Receiving block blk_-2044870930562069278 src: /10.251.126.255:46534 dest: /10.251.126.255:50010,api_request
Received block blk_-3677454271482657138 of size 3559184 from /10.251.123.20,api_request
PacketResponder 1 for block blk_1486407992905342928 terminating,network_error
Verification succeeded for blk_8554832644956889891,authentication_success
BLOCK* NameSystem.addStoredBlock: blockMap updated: 10.250.10.223:50010 is added to blk_3283208263877928105 size 67108864,filesystem_error
Receiving block blk_-924839600422356971 src: /10.251.126.227:45419 dest: /10.251.126.227:50010,api_request
PacketResponder 0 for block blk_-3877205547382472055 terminating,network_error
Receiving block blk_-8205398288690982881 src: /10.251.74.192:47631 dest: /10.251.74.192:50010,api_request
Received block blk_1486407992905342928 of size 67108864 from /10.251.201.204,api_request
Receiving block blk_-3049871767182629232 src: /10.251.105.189:56398 dest: /10.251.105.189:50010,api_request
PacketResponder 1 for block blk_-3877205547382472055 terminating,network_error
Received block blk_-4883533210521725008 of size 67108864 from /10.251.199.19,api_request
PacketResponder 1 for block blk_9132118022176312425 terminating,filesystem_error
BLOCK* NameSystem.allocateBlock: /user/root/rand/_temporary/_task_200811092030_0001_m_000323_0/part-00323. blk_160683287035243620,filesystem_error
Receiving block blk_-1600320232754078594 src: /10.251.91.159:48276 dest: /10.251.91.159:50010,api_request
Received block blk_-3877205547382472055 of size 67108864 from /10.251.109.236,api_request
Receiving block blk_-9193914491058218505 src: /10.251.201.204:46681 dest: /10.251.201.204:50010,api_request
Receiving block blk_6116097409145768469 src: /10.251.30.101:38554 dest: /10.251.30.101:50010,api_request
Received block blk_9132118022176312425 of size 67108864 from /10.251.39.179,api_request
Received block blk_160683287035243620 of size 67108864 from /10.251.126.227,api_request
